"User_ID","UTC_Time","Account","Operation","Coin","Change","Remark"
"55477749","2023-01-18 16:10:23","Spot","Airdrop Assets","LUNA","0.00048619",""
"55477749","2023-02-16 15:56:33","Spot","Airdrop Assets","LUNA","0.00048619",""
"55477749","2023-02-25 00:37:45","Spot","Binance Convert","GBP","19.86819977",""
"55477749","2023-02-25 00:37:45","Spot","Binance Convert","DAI","-23.72889994",""
"55477749","2023-02-25 00:39:03","Spot","Binance Convert","GBP","-12.00000000",""
"55477749","2023-02-25 00:39:03","Spot","Binance Convert","BTC","0.00061634",""
"55477749","2023-02-25 00:45:37","Spot","Fiat Deposit","GBP","99.00000000",""
"55477749","2023-03-24 10:02:10","Spot","Airdrop Assets","LUNA","0.00048619",""
"55477749","2023-04-20 13:44:19","Spot","Airdrop Assets","LUNA","0.00048619",""
"55477749","2023-05-22 14:32:39","Spot","Airdrop Assets","LUNA","0.00048619",""
"55477749","2023-06-23 09:26:23","Spot","Airdrop Assets","LUNA","0.00048619",""
"55477749","2023-07-20 07:00:27","Spot","Airdrop Assets","LUNA","0.00048619",""
"55477749","2023-08-23 13:03:35","Spot","Airdrop Assets","LUNA","0.00048619",""
"55477749","2023-09-22 02:51:58","Spot","Airdrop Assets","LUNA","0.00048619",""
"55477749","2023-10-20 09:29:36","Spot","Airdrop Assets","LUNA","0.00048619",""
"55477749","2023-11-17 09:01:54","Spot","Airdrop Assets","LUNA","0.00048619",""
"55477749","2023-12-09 00:21:25","Spot","Deposit","BTC","2.00000000",""
"55477749","2023-12-09 01:40:59","Spot","Transaction Buy","SOL","4.12000000",""
"55477749","2023-12-09 01:40:59","Spot","Transaction Fee","SOL","-0.00775000",""
"55477749","2023-12-09 01:40:59","Spot","Transaction Spend","BTC","-0.01670468",""
"55477749","2023-12-09 01:40:59","Spot","Transaction Fee","SOL","-0.00798000",""
"55477749","2023-12-09 01:40:59","Spot","Transaction Buy","SOL","43.26000000",""
"55477749","2023-12-09 01:40:59","Spot","Transaction Spend","BTC","-0.01293552",""
"55477749","2023-12-09 01:40:59","Spot","Transaction Fee","SOL","-0.00439000",""
"55477749","2023-12-09 01:40:59","Spot","Transaction Buy","SOL","2.70000000",""
"55477749","2023-12-09 01:40:59","Spot","Transaction Spend","BTC","-0.00165161",""
"55477749","2023-12-09 01:40:59","Spot","Transaction Buy","SOL","27.54000000",""
"55477749","2023-12-09 01:40:59","Spot","Transaction Spend","BTC","-0.02333262",""
"55477749","2023-12-09 01:40:59","Spot","Transaction Buy","SOL","4.39000000",""
"55477749","2023-12-09 01:40:59","Spot","Transaction Buy","SOL","6.66000000",""
"55477749","2023-12-09 01:40:59","Spot","Transaction Fee","SOL","-0.00412000",""
"55477749","2023-12-09 01:40:59","Spot","Transaction Spend","BTC","-0.00450414",""
"55477749","2023-12-09 01:40:59","Spot","Transaction Spend","BTC","-0.07221391",""
"55477749","2023-12-09 01:40:59","Spot","Transaction Buy","SOL","5.02000000",""
"55477749","2023-12-09 01:40:59","Spot","Transaction Spend","BTC","-0.01818992",""
"55477749","2023-12-09 01:40:59","Spot","Transaction Fee","SOL","-0.01747000",""
"55477749","2023-12-09 01:40:59","Spot","Transaction Spend","BTC","-0.15370914",""
"55477749","2023-12-09 01:40:59","Spot","Transaction Buy","SOL","0.99000000",""
"55477749","2023-12-09 01:40:59","Spot","Transaction Spend","BTC","-0.01440433",""
"55477749","2023-12-09 01:40:59","Spot","Transaction Fee","SOL","-0.02754000",""
"55477749","2023-12-09 01:40:59","Spot","Transaction Buy","SOL","17.47000000",""
"55477749","2023-12-09 01:40:59","Spot","Transaction Fee","SOL","-0.00270000",""
"55477749","2023-12-09 01:40:59","Spot","Transaction Fee","SOL","-0.01021000",""
"55477749","2023-12-09 01:40:59","Spot","Transaction Buy","SOL","4.78000000",""
"55477749","2023-12-09 01:40:59","Spot","Transaction Buy","SOL","10.21000000",""
"55477749","2023-12-09 01:40:59","Spot","Transaction Spend","BTC","-0.03426457",""
"55477749","2023-12-09 01:40:59","Spot","Transaction Spend","BTC","-0.01111087",""
"55477749","2023-12-09 01:40:59","Spot","Transaction Buy","SOL","20.53000000",""
"55477749","2023-12-09 01:40:59","Spot","Transaction Buy","SOL","92.08000000",""
"55477749","2023-12-09 01:40:59","Spot","Transaction Fee","SOL","-0.01398000",""
"55477749","2023-12-09 01:40:59","Spot","Transaction Buy","SOL","7.98000000",""
"55477749","2023-12-09 01:40:59","Spot","Transaction Spend","BTC","-0.01704151",""
"55477749","2023-12-09 01:40:59","Spot","Transaction Spend","BTC","-0.00797638",""
"55477749","2023-12-09 01:40:59","Spot","Transaction Spend","BTC","-0.00687504",""
"55477749","2023-12-09 01:40:59","Spot","Transaction Fee","SOL","-0.00478000",""
"55477749","2023-12-09 01:40:59","Spot","Transaction Spend","BTC","-0.00837436",""
"55477749","2023-12-09 01:40:59","Spot","Transaction Buy","SOL","10.90000000",""
"55477749","2023-12-09 01:40:59","Spot","Transaction Buy","SOL","8.63000000",""
"55477749","2023-12-09 01:40:59","Spot","Transaction Fee","SOL","-0.01090000",""
"55477749","2023-12-09 01:40:59","Spot","Transaction Spend","BTC","-0.00166870",""
"55477749","2023-12-09 01:40:59","Spot","Transaction Buy","SOL","1.00000000",""
"55477749","2023-12-09 01:40:59","Spot","Transaction Fee","SOL","-0.02053000",""
"55477749","2023-12-09 01:40:59","Spot","Transaction Spend","BTC","-0.02915568",""
"55477749","2023-12-09 01:40:59","Spot","Transaction Fee","SOL","-0.00099000",""
"55477749","2023-12-09 01:40:59","Spot","Transaction Fee","SOL","-0.04326000",""
"55477749","2023-12-09 01:40:59","Spot","Transaction Spend","BTC","-0.00732559",""
"55477749","2023-12-09 01:40:59","Spot","Transaction Buy","SOL","13.98000000",""
"55477749","2023-12-09 01:40:59","Spot","Transaction Fee","SOL","-0.00502000",""
"55477749","2023-12-09 01:40:59","Spot","Transaction Fee","SOL","-0.00666000",""
"55477749","2023-12-09 01:40:59","Spot","Transaction Buy","SOL","10.01000000",""
"55477749","2023-12-09 01:40:59","Spot","Transaction Buy","SOL","7.75000000",""
"55477749","2023-12-09 01:40:59","Spot","Transaction Spend","BTC","-0.04596976",""
"55477749","2023-12-09 01:40:59","Spot","Transaction Fee","SOL","-0.00100000",""
"55477749","2023-12-09 01:40:59","Spot","Transaction Fee","SOL","-0.09208000",""
"55477749","2023-12-09 01:40:59","Spot","Transaction Spend","BTC","-0.01331782",""
"55477749","2023-12-09 01:40:59","Spot","Transaction Fee","SOL","-0.01001000",""
"55477749","2023-12-09 01:40:59","Spot","Transaction Fee","SOL","-0.00863000",""
"55477749","2023-12-09 02:03:07","Spot","Transaction Buy","AVAX","78.66000000",""
"55477749","2023-12-09 02:03:07","Spot","Transaction Spend","BTC","-0.00281992",""
"55477749","2023-12-09 02:03:07","Spot","Transaction Fee","AVAX","-0.08122000",""
"55477749","2023-12-09 02:03:07","Spot","Transaction Spend","BTC","-0.00575399",""
"55477749","2023-12-09 02:03:07","Spot","Transaction Fee","AVAX","-0.02579000",""
"55477749","2023-12-09 02:03:07","Spot","Transaction Buy","AVAX","25.79000000",""
"55477749","2023-12-09 02:03:07","Spot","Transaction Fee","AVAX","-0.07866000",""
"55477749","2023-12-09 02:03:07","Spot","Transaction Fee","AVAX","-0.32351000",""
"55477749","2023-12-09 02:03:07","Spot","Transaction Fee","AVAX","-0.00824000",""
"55477749","2023-12-09 02:03:07","Spot","Transaction Spend","BTC","-0.05502267",""
"55477749","2023-12-09 02:03:07","Spot","Transaction Fee","AVAX","-0.08121000",""
"55477749","2023-12-09 02:03:07","Spot","Transaction Buy","AVAX","8.24000000",""
"55477749","2023-12-09 02:03:07","Spot","Transaction Fee","AVAX","-0.00020000",""
"55477749","2023-12-09 02:03:07","Spot","Transaction Buy","AVAX","81.21000000",""
"55477749","2023-12-09 02:03:07","Spot","Transaction Spend","BTC","-0.00013960",""
"55477749","2023-12-09 02:03:07","Spot","Transaction Buy","AVAX","81.22000000",""
"55477749","2023-12-09 02:03:07","Spot","Transaction Fee","AVAX","-0.00404000",""
"55477749","2023-12-09 02:03:07","Spot","Transaction Fee","AVAX","-0.02694000",""
"55477749","2023-12-09 02:03:07","Spot","Transaction Spend","BTC","-0.01883644",""
"55477749","2023-12-09 02:03:07","Spot","Transaction Buy","AVAX","4.04000000",""
"55477749","2023-12-09 02:03:07","Spot","Transaction Fee","AVAX","-0.07019000",""
"55477749","2023-12-09 02:03:07","Spot","Transaction Buy","AVAX","70.19000000",""
"55477749","2023-12-09 02:03:07","Spot","Transaction Buy","AVAX","323.51000000",""
"55477749","2023-12-09 02:03:07","Spot","Transaction Spend","BTC","-0.05669156",""
"55477749","2023-12-09 02:03:07","Spot","Transaction Spend","BTC","-0.01800915",""
"55477749","2023-12-09 02:03:07","Spot","Transaction Buy","AVAX","0.20000000",""
"55477749","2023-12-09 02:03:07","Spot","Transaction Spend","BTC","-0.04909088",""
"55477749","2023-12-09 02:03:07","Spot","Transaction Spend","BTC","-0.05669270",""
"55477749","2023-12-09 02:03:07","Spot","Transaction Buy","AVAX","26.94000000",""
"55477749","2023-12-09 02:03:07","Spot","Transaction Spend","BTC","-0.22623054",""
"55477749","2023-12-09 02:08:48","Spot","Transaction Spend","BTC","-0.00362351",""
"55477749","2023-12-09 02:08:48","Spot","Transaction Spend","BTC","-0.00260785",""
"55477749","2023-12-09 02:08:48","Spot","Transaction Spend","BTC","-0.03983516",""
"55477749","2023-12-09 02:08:48","Spot","Transaction Spend","BTC","-0.00744814",""
"55477749","2023-12-09 02:08:48","Spot","Transaction Buy","DOT","66.66000000",""
"55477749","2023-12-09 02:08:48","Spot","Transaction Fee","DOT","-0.00176000",""
"55477749","2023-12-09 02:08:48","Spot","Transaction Buy","DOT","1.76000000",""
"55477749","2023-12-09 02:08:48","Spot","Transaction Fee","DOT","-0.02162000",""
"55477749","2023-12-09 02:08:48","Spot","Transaction Fee","DOT","-0.04444000",""
"55477749","2023-12-09 02:08:48","Spot","Transaction Spend","BTC","-0.00103409",""
"55477749","2023-12-09 02:08:48","Spot","Transaction Fee","DOT","-0.00176000",""
"55477749","2023-12-09 02:08:48","Spot","Transaction Buy","DOT","298.15000000",""
"55477749","2023-12-09 02:08:48","Spot","Transaction Spend","BTC","-0.00063520",""
"55477749","2023-12-09 02:08:48","Spot","Transaction Fee","DOT","-0.00831000",""
"55477749","2023-12-09 02:08:48","Spot","Transaction Fee","DOT","-0.00389000",""
"55477749","2023-12-09 02:08:48","Spot","Transaction Spend","BTC","-0.00051788",""
"55477749","2023-12-09 02:08:48","Spot","Transaction Fee","DOT","-0.23768000",""
"55477749","2023-12-09 02:08:48","Spot","Transaction Spend","BTC","-0.00139275",""
"55477749","2023-12-09 02:08:48","Spot","Transaction Buy","DOT","161.41000000",""
"55477749","2023-12-09 02:08:48","Spot","Transaction Fee","DOT","-0.16141000",""
"55477749","2023-12-09 02:08:48","Spot","Transaction Spend","BTC","-0.01132305",""
"55477749","2023-12-09 02:08:48","Spot","Transaction Buy","DOT","6.17000000",""
"55477749","2023-12-09 02:08:48","Spot","Transaction Spend","BTC","-0.02705231",""
"55477749","2023-12-09 02:08:48","Spot","Transaction Buy","DOT","85.52000000",""
"55477749","2023-12-09 02:08:48","Spot","Transaction Buy","DOT","1.76000000",""
"55477749","2023-12-09 02:08:48","Spot","Transaction Buy","DOT","3.09000000",""
"55477749","2023-12-09 02:08:48","Spot","Transaction Spend","BTC","-0.00065157",""
"55477749","2023-12-09 02:08:48","Spot","Transaction Spend","BTC","-0.02705231",""
"55477749","2023-12-09 02:08:48","Spot","Transaction Buy","DOT","161.41000000",""
"55477749","2023-12-09 02:08:48","Spot","Transaction Buy","DOT","187.26000000",""
"55477749","2023-12-09 02:08:48","Spot","Transaction Fee","DOT","-0.56805000",""
"55477749","2023-12-09 02:08:48","Spot","Transaction Fee","DOT","-0.18726000",""
"55477749","2023-12-09 02:08:48","Spot","Transaction Buy","DOT","66.66000000",""
"55477749","2023-12-09 02:08:48","Spot","Transaction Buy","DOT","187.26000000",""
"55477749","2023-12-09 02:08:48","Spot","Transaction Buy","DOT","1.76000000",""
"55477749","2023-12-09 02:08:48","Spot","Transaction Spend","BTC","-0.04996994",""
"55477749","2023-12-09 02:08:48","Spot","Transaction Fee","DOT","-0.06666000",""
"55477749","2023-12-09 02:08:48","Spot","Transaction Buy","DOT","161.41000000",""
"55477749","2023-12-09 02:08:48","Spot","Transaction Fee","DOT","-0.06756000",""
"55477749","2023-12-09 02:08:48","Spot","Transaction Fee","DOT","-0.00309000",""
"55477749","2023-12-09 02:08:48","Spot","Transaction Buy","DOT","3.89000000",""
"55477749","2023-12-09 02:08:48","Spot","Transaction Fee","DOT","-0.00379000",""
"55477749","2023-12-09 02:08:48","Spot","Transaction Spend","BTC","-0.03138477",""
"55477749","2023-12-09 02:08:48","Spot","Transaction Spend","BTC","-0.02705231",""
"55477749","2023-12-09 02:08:48","Spot","Transaction Buy","DOT","21.62000000",""
"55477749","2023-12-09 02:08:48","Spot","Transaction Fee","DOT","-0.23768000",""
"55477749","2023-12-09 02:08:48","Spot","Transaction Spend","BTC","-0.00034358",""
"55477749","2023-12-09 02:08:48","Spot","Transaction Buy","DOT","2.05000000",""
"55477749","2023-12-09 02:08:48","Spot","Transaction Fee","DOT","-0.00617000",""
"55477749","2023-12-09 02:08:48","Spot","Transaction Fee","DOT","-0.16141000",""
"55477749","2023-12-09 02:08:48","Spot","Transaction Buy","DOT","161.41000000",""
"55477749","2023-12-09 02:08:48","Spot","Transaction Fee","DOT","-0.01556000",""
"55477749","2023-12-09 02:08:48","Spot","Transaction Fee","DOT","-0.29815000",""
"55477749","2023-12-09 02:08:48","Spot","Transaction Spend","BTC","-0.01117221",""
"55477749","2023-12-09 02:08:48","Spot","Transaction Buy","DOT","67.56000000",""
"55477749","2023-12-09 02:08:48","Spot","Transaction Buy","DOT","3.79000000",""
"55477749","2023-12-09 02:08:48","Spot","Transaction Spend","BTC","-0.03983516",""
"55477749","2023-12-09 02:08:48","Spot","Transaction Fee","DOT","-0.23768000",""
"55477749","2023-12-09 02:08:48","Spot","Transaction Fee","DOT","-0.16141000",""
"55477749","2023-12-09 02:08:48","Spot","Transaction Buy","DOT","237.68000000",""
"55477749","2023-12-09 02:08:48","Spot","Transaction Spend","BTC","-0.01117221",""
"55477749","2023-12-09 02:08:48","Spot","Transaction Spend","BTC","-0.00029497",""
"55477749","2023-12-09 02:08:48","Spot","Transaction Fee","DOT","-0.08552000",""
"55477749","2023-12-09 02:08:48","Spot","Transaction Fee","DOT","-0.18726000",""
"55477749","2023-12-09 02:08:48","Spot","Transaction Spend","BTC","-0.03983516",""
"55477749","2023-12-09 02:08:48","Spot","Transaction Spend","BTC","-0.00029497",""
"55477749","2023-12-09 02:08:48","Spot","Transaction Spend","BTC","-0.00029497",""
"55477749","2023-12-09 02:08:48","Spot","Transaction Fee","DOT","-0.00176000",""
"55477749","2023-12-09 02:08:48","Spot","Transaction Spend","BTC","-0.02705231",""
"55477749","2023-12-09 02:08:48","Spot","Transaction Buy","DOT","15.56000000",""
"55477749","2023-12-09 02:08:48","Spot","Transaction Buy","DOT","237.68000000",""
"55477749","2023-12-09 02:08:48","Spot","Transaction Buy","DOT","8.31000000",""
"55477749","2023-12-09 02:08:48","Spot","Transaction Spend","BTC","-0.09520518",""
"55477749","2023-12-09 02:08:48","Spot","Transaction Fee","DOT","-0.16141000",""
"55477749","2023-12-09 02:08:48","Spot","Transaction Spend","BTC","-0.01433315",""
"55477749","2023-12-09 02:08:48","Spot","Transaction Buy","DOT","237.68000000",""
"55477749","2023-12-09 02:08:48","Spot","Transaction Fee","DOT","-0.00205000",""
"55477749","2023-12-09 02:08:48","Spot","Transaction Buy","DOT","44.44000000",""
"55477749","2023-12-09 02:08:48","Spot","Transaction Fee","DOT","-0.06666000",""
"55477749","2023-12-09 02:08:48","Spot","Transaction Buy","DOT","568.05000000",""
"55477749","2023-12-09 02:08:48","Spot","Transaction Spend","BTC","-0.03138477",""
"55477749","2023-12-11 15:41:41","Spot","Withdraw","SOL","-299.70206000","Withdraw fee is included"
"55477749","2023-12-11 15:44:41","Spot","Withdraw","BTC","-0.50780326","Withdraw fee is included"
"55477749","2023-12-11 15:47:41","Spot","Withdraw","DOT","-2997.00651400","Withdraw fee is included"
"55477749","2023-12-15 02:57:02","Spot","Airdrop Assets","LUNA","0.00048619",""
"55477749","2023-12-18 00:33:20","Spot","Deposit","BTC","1.00000000",""
"55477749","2023-12-18 00:37:42","Spot","Transaction Spend","BTC","-0.00144033",""
"55477749","2023-12-18 00:37:42","Spot","Transaction Buy","ILV","0.67400000",""
"55477749","2023-12-18 00:37:42","Spot","Transaction Fee","ILV","-0.00098800",""
"55477749","2023-12-18 00:37:42","Spot","Transaction Spend","BTC","-0.00211135",""
"55477749","2023-12-18 00:37:42","Spot","Transaction Buy","ILV","0.98800000",""
"55477749","2023-12-18 00:37:42","Spot","Transaction Spend","BTC","-0.00211135",""
"55477749","2023-12-18 00:37:42","Spot","Transaction Fee","ILV","-0.00067400",""
"55477749","2023-12-18 00:37:42","Spot","Transaction Buy","ILV","0.98800000",""
"55477749","2023-12-18 00:37:42","Spot","Transaction Fee","ILV","-0.00098800",""
"55477749","2023-12-18 00:37:43","Spot","Transaction Buy","ILV","0.72100000",""
"55477749","2023-12-18 00:37:43","Spot","Transaction Fee","ILV","-0.00072100",""
"55477749","2023-12-18 00:37:43","Spot","Transaction Spend","BTC","-0.00154077",""
"55477749","2023-12-18 00:37:52","Spot","Transaction Fee","ILV","-0.00005000",""
"55477749","2023-12-18 00:37:52","Spot","Transaction Spend","BTC","-0.00010685",""
"55477749","2023-12-18 00:37:52","Spot","Transaction Buy","ILV","0.05000000",""
"55477749","2023-12-18 00:37:57","Spot","Transaction Spend","BTC","-0.00231437",""
"55477749","2023-12-18 00:37:57","Spot","Transaction Buy","ILV","1.08300000",""
"55477749","2023-12-18 00:37:57","Spot","Transaction Fee","ILV","-0.00108300",""
"55477749","2023-12-18 00:37:59","Spot","Transaction Fee","ILV","-0.00004900",""
"55477749","2023-12-18 00:37:59","Spot","Transaction Buy","ILV","0.04900000",""
"55477749","2023-12-18 00:37:59","Spot","Transaction Spend","BTC","-0.00010471",""
"55477749","2023-12-18 00:38:01","Spot","Transaction Spend","BTC","-0.00154077",""
"55477749","2023-12-18 00:38:01","Spot","Transaction Spend","BTC","-0.00705210",""
"55477749","2023-12-18 00:38:01","Spot","Transaction Fee","ILV","-0.00169600",""
"55477749","2023-12-18 00:38:01","Spot","Transaction Buy","ILV","3.30000000",""
"55477749","2023-12-18 00:38:01","Spot","Transaction Buy","ILV","0.72100000",""
"55477749","2023-12-18 00:38:01","Spot","Transaction Fee","ILV","-0.00113100",""
"55477749","2023-12-18 00:38:01","Spot","Transaction Spend","BTC","-0.00241694",""
"55477749","2023-12-18 00:38:01","Spot","Transaction Fee","ILV","-0.00072100",""
"55477749","2023-12-18 00:38:01","Spot","Transaction Fee","ILV","-0.00072100",""
"55477749","2023-12-18 00:38:01","Spot","Transaction Buy","ILV","0.72100000",""
"55477749","2023-12-18 00:38:01","Spot","Transaction Fee","ILV","-0.00330000",""
"55477749","2023-12-18 00:38:01","Spot","Transaction Spend","BTC","-0.00120526",""
"55477749","2023-12-18 00:38:01","Spot","Transaction Buy","ILV","1.69600000",""
"55477749","2023-12-18 00:38:01","Spot","Transaction Spend","BTC","-0.00362435",""
"55477749","2023-12-18 00:38:01","Spot","Transaction Buy","ILV","0.56400000",""
"55477749","2023-12-18 00:38:01","Spot","Transaction Spend","BTC","-0.00154077",""
"55477749","2023-12-18 00:38:01","Spot","Transaction Fee","ILV","-0.00056400",""
"55477749","2023-12-18 00:38:01","Spot","Transaction Buy","ILV","1.13100000",""
"55477749","2023-12-18 00:38:07","Spot","Transaction Spend","BTC","-0.00010685",""
"55477749","2023-12-18 00:38:07","Spot","Transaction Buy","ILV","0.05000000",""
"55477749","2023-12-18 00:38:07","Spot","Transaction Fee","ILV","-0.00005000",""
"55477749","2023-12-18 00:38:29","Spot","Transaction Fee","ILV","-0.00200900",""
"55477749","2023-12-18 00:38:29","Spot","Transaction Buy","ILV","2.00900000",""
"55477749","2023-12-18 00:38:29","Spot","Transaction Spend","BTC","-0.00429323",""
"55477749","2023-12-18 00:46:33","Spot","Transaction Spend","BTC","-0.01080316",""
"55477749","2023-12-18 00:46:33","Spot","Transaction Buy","MATIC","385.20000000",""
"55477749","2023-12-18 00:46:33","Spot","Transaction Fee","MATIC","-0.30100000",""
"55477749","2023-12-18 00:46:33","Spot","Transaction Buy","MATIC","3219.40000000",""
"55477749","2023-12-18 00:46:33","Spot","Transaction Fee","MATIC","-0.84000000",""
"55477749","2023-12-18 00:46:33","Spot","Transaction Fee","MATIC","-0.75760000",""
"55477749","2023-12-18 00:46:33","Spot","Transaction Spend","BTC","-0.06409825",""
"55477749","2023-12-18 00:46:33","Spot","Transaction Spend","BTC","-0.02514633",""
"55477749","2023-12-18 00:46:33","Spot","Transaction Spend","BTC","-0.01672440",""
"55477749","2023-12-18 00:46:33","Spot","Transaction Buy","MATIC","471.60000000",""
"55477749","2023-12-18 00:46:33","Spot","Transaction Fee","MATIC","-0.38520000",""
"55477749","2023-12-18 00:46:33","Spot","Transaction Fee","MATIC","-0.54260000",""
"55477749","2023-12-18 00:46:33","Spot","Transaction Spend","BTC","-0.01508381",""
"55477749","2023-12-18 00:46:33","Spot","Transaction Buy","MATIC","301.00000000",""
"55477749","2023-12-18 00:46:33","Spot","Transaction Buy","MATIC","542.60000000",""
"55477749","2023-12-18 00:46:33","Spot","Transaction Buy","MATIC","840.00000000",""
"55477749","2023-12-18 00:46:33","Spot","Transaction Fee","MATIC","-1.26300000",""
"55477749","2023-12-18 00:46:33","Spot","Transaction Fee","MATIC","-0.47160000",""
"55477749","2023-12-18 00:46:33","Spot","Transaction Buy","MATIC","757.60000000",""
"55477749","2023-12-18 00:46:33","Spot","Transaction Buy","MATIC","1263.00000000",""
"55477749","2023-12-18 00:46:33","Spot","Transaction Spend","BTC","-0.00766548",""
"55477749","2023-12-18 00:46:33","Spot","Transaction Spend","BTC","-0.12316525",""
"55477749","2023-12-18 00:46:33","Spot","Transaction Spend","BTC","-0.03064149",""
"55477749","2023-12-18 00:46:33","Spot","Transaction Fee","MATIC","-1.53900000",""
"55477749","2023-12-18 00:46:33","Spot","Transaction Fee","MATIC","-3.21940000",""
"55477749","2023-12-18 00:46:33","Spot","Transaction Spend","BTC","-0.00938484",""
"55477749","2023-12-18 00:46:33","Spot","Transaction Fee","MATIC","-6.18610000",""
"55477749","2023-12-18 00:46:33","Spot","Transaction Buy","MATIC","6186.10000000",""
"55477749","2023-12-18 00:46:33","Spot","Transaction Buy","MATIC","1539.00000000",""
"55477749","2023-12-18 00:46:33","Spot","Transaction Spend","BTC","-0.00599291",""
"55477749","2023-12-18 00:48:06","Spot","Transaction Fee","ILV","-0.00004800",""
"55477749","2023-12-18 00:48:06","Spot","Transaction Buy","ILV","0.04800000",""
"55477749","2023-12-18 00:48:06","Spot","Transaction Spend","BTC","-0.00010262",""
"55477749","2023-12-18 00:53:54","Spot","Transaction Buy","AXS","69.10000000",""
"55477749","2023-12-18 00:53:54","Spot","Transaction Spend","BTC","-0.00100640",""
"55477749","2023-12-18 00:53:54","Spot","Transaction Fee","AXS","-0.08542000",""
"55477749","2023-12-18 00:53:54","Spot","Transaction Spend","BTC","-0.01174700",""
"55477749","2023-12-18 00:53:54","Spot","Transaction Buy","AXS","62.12000000",""
"55477749","2023-12-18 00:53:54","Spot","Transaction Buy","AXS","1.83000000",""
"55477749","2023-12-18 00:53:54","Spot","Transaction Spend","BTC","-0.00526490",""
"55477749","2023-12-18 00:53:54","Spot","Transaction Fee","AXS","-0.02000000",""
"55477749","2023-12-18 00:53:54","Spot","Transaction Fee","AXS","-0.01054000",""
"55477749","2023-12-18 00:53:54","Spot","Transaction Buy","AXS","1.59000000",""
"55477749","2023-12-18 00:53:54","Spot","Transaction Spend","BTC","-0.02763860",""
"55477749","2023-12-18 00:53:54","Spot","Transaction Spend","BTC","-0.00178969",""
"55477749","2023-12-18 00:53:54","Spot","Transaction Spend","BTC","-0.00031110",""
"55477749","2023-12-18 00:53:54","Spot","Transaction Fee","AXS","-0.03097000",""
"55477749","2023-12-18 00:53:54","Spot","Transaction Buy","AXS","30.97000000",""
"55477749","2023-12-18 00:53:54","Spot","Transaction Fee","AXS","-0.00159000",""
"55477749","2023-12-18 00:53:54","Spot","Transaction Buy","AXS","5.92000000",""
"55477749","2023-12-18 00:53:54","Spot","Transaction Spend","BTC","-0.02496620",""
"55477749","2023-12-18 00:53:54","Spot","Transaction Spend","BTC","-0.01056040",""
"55477749","2023-12-18 00:53:54","Spot","Transaction Fee","AXS","-0.06212000",""
"55477749","2023-12-18 00:53:54","Spot","Transaction Fee","AXS","-0.16258000",""
"55477749","2023-12-18 00:53:54","Spot","Transaction Spend","BTC","-0.00340000",""
"55477749","2023-12-18 00:53:54","Spot","Transaction Buy","AXS","10.54000000",""
"55477749","2023-12-18 00:53:54","Spot","Transaction Buy","AXS","20.00000000",""
"55477749","2023-12-18 00:53:54","Spot","Transaction Spend","BTC","-0.00027030",""
"55477749","2023-12-18 00:53:54","Spot","Transaction Buy","AXS","31.43000000",""
"55477749","2023-12-18 00:53:54","Spot","Transaction Fee","AXS","-0.06910000",""
"55477749","2023-12-18 00:53:54","Spot","Transaction Fee","AXS","-0.00592000",""
"55477749","2023-12-18 00:53:54","Spot","Transaction Buy","AXS","162.58000000",""
"55477749","2023-12-18 00:53:54","Spot","Transaction Fee","AXS","-0.03143000",""
"55477749","2023-12-18 00:53:54","Spot","Transaction Buy","AXS","146.86000000",""
"55477749","2023-12-18 00:53:54","Spot","Transaction Spend","BTC","-0.01452140",""
"55477749","2023-12-18 00:53:54","Spot","Transaction Fee","AXS","-0.00183000",""
"55477749","2023-12-18 00:53:54","Spot","Transaction Spend","BTC","-0.00534310",""
"55477749","2023-12-18 00:53:54","Spot","Transaction Buy","AXS","85.42000000",""
"55477749","2023-12-18 00:53:54","Spot","Transaction Fee","AXS","-0.14686000",""
"55477749","2023-12-18 00:55:13","Spot","Transaction Spend","BTC","-0.00468704",""
"55477749","2023-12-18 00:55:13","Spot","Transaction Spend","BTC","-0.01992432",""
"55477749","2023-12-18 00:55:13","Spot","Transaction Fee","SAND","-1.18300000",""
"55477749","2023-12-18 00:55:13","Spot","Transaction Spend","BTC","-0.03302988",""
"55477749","2023-12-18 00:55:13","Spot","Transaction Fee","SAND","-0.38800000",""
"55477749","2023-12-18 00:55:13","Spot","Transaction Buy","SAND","1161.00000000",""
"55477749","2023-12-18 00:55:13","Spot","Transaction Spend","BTC","-0.01429064",""
"55477749","2023-12-18 00:55:13","Spot","Transaction Fee","SAND","-1.64800000",""
"55477749","2023-12-18 00:55:13","Spot","Transaction Fee","SAND","-1.16100000",""
"55477749","2023-12-18 00:55:13","Spot","Transaction Buy","SAND","388.00000000",""
"55477749","2023-12-18 00:55:13","Spot","Transaction Buy","SAND","1183.00000000",""
"55477749","2023-12-18 00:55:13","Spot","Transaction Spend","BTC","-0.01403649",""
"55477749","2023-12-18 00:55:13","Spot","Transaction Buy","SAND","1648.00000000",""
"55477749","2023-12-18 00:55:13","Spot","Transaction Buy","SAND","1281.00000000",""
"55477749","2023-12-18 00:55:13","Spot","Transaction Spend","BTC","-0.01547448",""
"55477749","2023-12-18 00:55:13","Spot","Transaction Fee","SAND","-2.73200000",""
"55477749","2023-12-18 00:55:13","Spot","Transaction Buy","SAND","2732.00000000",""
"55477749","2023-12-18 00:55:13","Spot","Transaction Fee","SAND","-1.28100000",""
"55477749","2023-12-18 01:00:50","Spot","Transaction Buy","RNDR","61.23000000",""
"55477749","2023-12-18 01:00:50","Spot","Transaction Fee","RNDR","-0.06123000",""
"55477749","2023-12-18 01:00:50","Spot","Transaction Spend","BTC","-0.00618423",""
"55477749","2023-12-18 01:00:51","Spot","Transaction Fee","RNDR","-0.08692000",""
"55477749","2023-12-18 01:00:51","Spot","Transaction Buy","RNDR","61.18000000",""
"55477749","2023-12-18 01:00:51","Spot","Transaction Buy","RNDR","23.24000000",""
"55477749","2023-12-18 01:00:51","Spot","Transaction Spend","BTC","-0.01530150",""
"55477749","2023-12-18 01:00:51","Spot","Transaction Fee","RNDR","-0.02324000",""
"55477749","2023-12-18 01:00:51","Spot","Transaction Buy","RNDR","24.10000000",""
"55477749","2023-12-18 01:00:51","Spot","Transaction Spend","BTC","-0.00539845",""
"55477749","2023-12-18 01:00:51","Spot","Transaction Fee","RNDR","-0.05345000",""
"55477749","2023-12-18 01:00:51","Spot","Transaction Spend","BTC","-0.00877892",""
"55477749","2023-12-18 01:00:51","Spot","Transaction Buy","RNDR","86.92000000",""
"55477749","2023-12-18 01:00:51","Spot","Transaction Spend","BTC","-0.00985457",""
"55477749","2023-12-18 01:00:51","Spot","Transaction Fee","RNDR","-0.02410000",""
"55477749","2023-12-18 01:00:51","Spot","Transaction Spend","BTC","-0.00617918",""
"55477749","2023-12-18 01:00:51","Spot","Transaction Buy","RNDR","151.50000000",""
"55477749","2023-12-18 01:00:51","Spot","Transaction Spend","BTC","-0.00243410",""
"55477749","2023-12-18 01:00:51","Spot","Transaction Fee","RNDR","-0.06118000",""
"55477749","2023-12-18 01:00:51","Spot","Transaction Fee","RNDR","-0.09757000",""
"55477749","2023-12-18 01:00:51","Spot","Transaction Spend","BTC","-0.00234724",""
"55477749","2023-12-18 01:00:51","Spot","Transaction Buy","RNDR","97.57000000",""
"55477749","2023-12-18 01:00:51","Spot","Transaction Buy","RNDR","53.45000000",""
"55477749","2023-12-18 01:00:51","Spot","Transaction Fee","RNDR","-0.15150000",""
"55477749","2023-12-18 01:00:52","Spot","Transaction Fee","RNDR","-0.01099000",""
"55477749","2023-12-18 01:00:52","Spot","Transaction Fee","RNDR","-0.07670000",""
"55477749","2023-12-18 01:00:52","Spot","Transaction Buy","RNDR","10.99000000",""
"55477749","2023-12-18 01:00:52","Spot","Transaction Spend","BTC","-0.00831836",""
"55477749","2023-12-18 01:00:52","Spot","Transaction Fee","RNDR","-0.00167000",""
"55477749","2023-12-18 01:00:52","Spot","Transaction Spend","BTC","-0.00320978",""
"55477749","2023-12-18 01:00:52","Spot","Transaction Spend","BTC","-0.00016867",""
"55477749","2023-12-18 01:00:52","Spot","Transaction Buy","RNDR","76.70000000",""
"55477749","2023-12-18 01:00:52","Spot","Transaction Spend","BTC","-0.00579942",""
"55477749","2023-12-18 01:00:52","Spot","Transaction Spend","BTC","-0.00016867",""
"55477749","2023-12-18 01:00:52","Spot","Transaction Spend","BTC","-0.00860722",""
"55477749","2023-12-18 01:00:52","Spot","Transaction Spend","BTC","-0.00774670",""
"55477749","2023-12-18 01:00:52","Spot","Transaction Buy","RNDR","82.36000000",""
"55477749","2023-12-18 01:00:52","Spot","Transaction Spend","BTC","-0.01014444",""
"55477749","2023-12-18 01:00:52","Spot","Transaction Spend","BTC","-0.00110999",""
"55477749","2023-12-18 01:00:52","Spot","Transaction Fee","RNDR","-0.00167000",""
"55477749","2023-12-18 01:00:52","Spot","Transaction Fee","RNDR","-0.03178000",""
"55477749","2023-12-18 01:00:52","Spot","Transaction Fee","RNDR","-0.08236000",""
"55477749","2023-12-18 01:00:52","Spot","Transaction Buy","RNDR","57.42000000",""
"55477749","2023-12-18 01:00:52","Spot","Transaction Buy","RNDR","1.67000000",""
"55477749","2023-12-18 01:00:52","Spot","Transaction Fee","RNDR","-0.05742000",""
"55477749","2023-12-18 01:00:52","Spot","Transaction Fee","RNDR","-0.08522000",""
"55477749","2023-12-18 01:00:52","Spot","Transaction Buy","RNDR","100.44000000",""
"55477749","2023-12-18 01:00:52","Spot","Transaction Fee","RNDR","-0.10044000",""
"55477749","2023-12-18 01:00:52","Spot","Transaction Buy","RNDR","85.22000000",""
"55477749","2023-12-18 01:00:52","Spot","Transaction Buy","RNDR","1.67000000",""
"55477749","2023-12-18 01:00:52","Spot","Transaction Buy","RNDR","31.78000000",""
"55477749","2023-12-18 01:01:49","Spot","Transaction Buy","GALA","15894.00000000",""
"55477749","2023-12-18 01:01:49","Spot","Transaction Spend","BTC","-0.01144368",""
"55477749","2023-12-18 01:01:49","Spot","Transaction Fee","GALA","-15.89400000",""
"55477749","2023-12-18 01:01:50","Spot","Transaction Spend","BTC","-0.01286424",""
"55477749","2023-12-18 01:01:50","Spot","Transaction Buy","GALA","17867.00000000",""
"55477749","2023-12-18 01:01:50","Spot","Transaction Fee","GALA","-17.86700000",""
"55477749","2023-12-18 01:02:28","Spot","Transaction Buy","RUNE","34.10000000",""
"55477749","2023-12-18 01:02:28","Spot","Transaction Buy","RUNE","84.00000000",""
"55477749","2023-12-18 01:02:28","Spot","Transaction Fee","RUNE","-0.03410000",""
"55477749","2023-12-18 01:02:28","Spot","Transaction Spend","BTC","-0.00454928",""
"55477749","2023-12-18 01:02:28","Spot","Transaction Fee","RUNE","-0.63420000",""
"55477749","2023-12-18 01:02:28","Spot","Transaction Spend","BTC","-0.01121064",""
"55477749","2023-12-18 01:02:28","Spot","Transaction Fee","RUNE","-0.08400000",""
"55477749","2023-12-18 01:02:28","Spot","Transaction Spend","BTC","-0.08464667",""
"55477749","2023-12-18 01:02:28","Spot","Transaction Buy","RUNE","634.20000000",""
"55477749","2023-12-18 01:02:55","Spot","Transaction Fee","GALA","-19.63500000",""
"55477749","2023-12-18 01:02:55","Spot","Transaction Spend","BTC","-0.01413720",""
"55477749","2023-12-18 01:02:55","Spot","Transaction Buy","GALA","19635.00000000",""
"55477749","2023-12-18 01:03:03","Spot","Transaction Spend","BTC","-0.01325448",""
"55477749","2023-12-18 01:03:03","Spot","Transaction Fee","GALA","-18.40900000",""
"55477749","2023-12-18 01:03:03","Spot","Transaction Buy","GALA","18409.00000000",""
"55477749","2023-12-18 01:03:04","Spot","Transaction Buy","GALA","17024.00000000",""
"55477749","2023-12-18 01:03:04","Spot","Transaction Fee","GALA","-17.02400000",""
"55477749","2023-12-18 01:03:04","Spot","Transaction Spend","BTC","-0.01225728",""
"55477749","2023-12-18 01:03:05","Spot","Transaction Fee","GALA","-7.95700000",""
"55477749","2023-12-18 01:03:05","Spot","Transaction Spend","BTC","-0.00572904",""
"55477749","2023-12-18 01:03:05","Spot","Transaction Spend","BTC","-0.00189792",""
"55477749","2023-12-18 01:03:05","Spot","Transaction Buy","GALA","7957.00000000",""
"55477749","2023-12-18 01:03:05","Spot","Transaction Fee","GALA","-2.63600000",""
"55477749","2023-12-18 01:03:05","Spot","Transaction Buy","GALA","2636.00000000",""
"55477749","2023-12-18 01:03:06","Spot","Transaction Fee","GALA","-17.24300000",""
"55477749","2023-12-18 01:03:06","Spot","Transaction Buy","GALA","17243.00000000",""
"55477749","2023-12-18 01:03:06","Spot","Transaction Spend","BTC","-0.01241496",""
"55477749","2023-12-18 01:03:06","Spot","Transaction Spend","BTC","-0.01231632",""
"55477749","2023-12-18 01:03:06","Spot","Transaction Fee","GALA","-16.22300000",""
"55477749","2023-12-18 01:03:06","Spot","Transaction Buy","GALA","17106.00000000",""
"55477749","2023-12-18 01:03:06","Spot","Transaction Fee","GALA","-17.10600000",""
"55477749","2023-12-18 01:03:06","Spot","Transaction Spend","BTC","-0.01168056",""
"55477749","2023-12-18 01:03:06","Spot","Transaction Buy","GALA","16223.00000000",""
"55477749","2023-12-18 01:23:41","Spot","Withdraw","GALA","-149844.00600000","Withdraw fee is included"
"55477749","2023-12-18 01:29:41","Spot","Withdraw","AXS","-627.73164000","Withdraw fee is included"
"55477749","2023-12-18 01:31:59","Spot","Transaction Fee","ILV","-0.00189500",""
"55477749","2023-12-18 01:31:59","Spot","Transaction Spend","BTC","-0.00405151",""
"55477749","2023-12-18 01:31:59","Spot","Transaction Buy","ILV","1.89500000",""
"55477749","2023-12-18 01:31:59","Spot","Transaction Buy","ILV","0.53800000",""
"55477749","2023-12-18 01:31:59","Spot","Transaction Spend","BTC","-0.00115024",""
"55477749","2023-12-18 01:31:59","Spot","Transaction Fee","ILV","-0.00053800",""
"55477749","2023-12-18 01:32:22","Spot","Transaction Fee","ILV","-0.00199000",""
"55477749","2023-12-18 01:32:22","Spot","Transaction Spend","BTC","-0.00425462",""
"55477749","2023-12-18 01:32:22","Spot","Transaction Spend","BTC","-0.00019455",""
"55477749","2023-12-18 01:32:22","Spot","Transaction Buy","ILV","0.09100000",""
"55477749","2023-12-18 01:32:22","Spot","Transaction Fee","ILV","-0.00009100",""
"55477749","2023-12-18 01:32:22","Spot","Transaction Buy","ILV","1.99000000",""
"55477749","2023-12-18 01:32:23","Spot","Transaction Buy","ILV","3.40900000",""
"55477749","2023-12-18 01:32:23","Spot","Transaction Spend","BTC","-0.00728844",""
"55477749","2023-12-18 01:32:23","Spot","Transaction Fee","ILV","-0.00340900",""
"55477749","2023-12-18 01:32:31","Spot","Transaction Buy","ILV","0.20400000",""
"55477749","2023-12-18 01:32:31","Spot","Transaction Buy","ILV","1.10000000",""
"55477749","2023-12-18 01:32:31","Spot","Transaction Fee","ILV","-0.00020400",""
"55477749","2023-12-18 01:32:31","Spot","Transaction Spend","BTC","-0.00043615",""
"55477749","2023-12-18 01:32:31","Spot","Transaction Fee","ILV","-0.00110000",""
"55477749","2023-12-18 01:32:31","Spot","Transaction Spend","BTC","-0.00235180",""
"55477749","2023-12-18 01:32:32","Spot","Transaction Spend","BTC","-0.00688222",""
"55477749","2023-12-18 01:32:32","Spot","Transaction Buy","ILV","3.13300000",""
"55477749","2023-12-18 01:32:32","Spot","Transaction Spend","BTC","-0.00469077",""
"55477749","2023-12-18 01:32:32","Spot","Transaction Spend","BTC","-0.00669835",""
"55477749","2023-12-18 01:32:32","Spot","Transaction Fee","ILV","-0.00313300",""
"55477749","2023-12-18 01:32:32","Spot","Transaction Fee","ILV","-0.00090600",""
"55477749","2023-12-18 01:32:32","Spot","Transaction Buy","ILV","3.21900000",""
"55477749","2023-12-18 01:32:32","Spot","Transaction Buy","ILV","0.90600000",""
"55477749","2023-12-18 01:32:32","Spot","Transaction Fee","ILV","-0.00321900",""
"55477749","2023-12-18 01:32:32","Spot","Transaction Spend","BTC","-0.00193702",""
"55477749","2023-12-18 01:32:32","Spot","Transaction Spend","BTC","-0.00180447",""
"55477749","2023-12-18 01:32:32","Spot","Transaction Fee","ILV","-0.00084400",""
"55477749","2023-12-18 01:32:32","Spot","Transaction Buy","ILV","2.19400000",""
"55477749","2023-12-18 01:32:32","Spot","Transaction Buy","ILV","0.84400000",""
"55477749","2023-12-18 01:32:32","Spot","Transaction Fee","ILV","-0.00219400",""
"55477749","2023-12-18 01:32:46","Spot","Transaction Buy","ILV","0.52200000",""
"55477749","2023-12-18 01:32:46","Spot","Transaction Buy","ILV","3.64100000",""
"55477749","2023-12-18 01:32:46","Spot","Transaction Fee","ILV","-0.00064600",""
"55477749","2023-12-18 01:32:46","Spot","Transaction Fee","ILV","-0.00009100",""
"55477749","2023-12-18 01:32:46","Spot","Transaction Buy","ILV","0.09100000",""
"55477749","2023-12-18 01:32:46","Spot","Transaction Spend","BTC","-0.00019455",""
"55477749","2023-12-18 01:32:46","Spot","Transaction Spend","BTC","-0.00138114",""
"55477749","2023-12-18 01:32:46","Spot","Transaction Spend","BTC","-0.00749369",""
"55477749","2023-12-18 01:32:46","Spot","Transaction Fee","ILV","-0.00350500",""
"55477749","2023-12-18 01:32:46","Spot","Transaction Fee","ILV","-0.00142900",""
"55477749","2023-12-18 01:32:46","Spot","Transaction Fee","ILV","-0.00007900",""
"55477749","2023-12-18 01:32:46","Spot","Transaction Buy","ILV","3.50500000",""
"55477749","2023-12-18 01:32:46","Spot","Transaction Buy","ILV","0.64600000",""
"55477749","2023-12-18 01:32:46","Spot","Transaction Spend","BTC","-0.00111603",""
"55477749","2023-12-18 01:32:46","Spot","Transaction Buy","ILV","0.07900000",""
"55477749","2023-12-18 01:32:46","Spot","Transaction Fee","ILV","-0.00052200",""
"55477749","2023-12-18 01:32:46","Spot","Transaction Fee","ILV","-0.00364100",""
"55477749","2023-12-18 01:32:46","Spot","Transaction Buy","ILV","1.42900000",""
"55477749","2023-12-18 01:32:46","Spot","Transaction Spend","BTC","-0.00778445",""
"55477749","2023-12-18 01:32:46","Spot","Transaction Spend","BTC","-0.00016890",""
"55477749","2023-12-18 01:32:46","Spot","Transaction Spend","BTC","-0.00305520",""
"55477749","2023-12-18 01:32:50","Spot","Transaction Fee","ILV","-0.00020000",""
"55477749","2023-12-18 01:32:50","Spot","Transaction Spend","BTC","-0.00042760",""
"55477749","2023-12-18 01:32:50","Spot","Transaction Buy","ILV","0.20000000",""
"55477749","2023-12-18 01:32:54","Spot","Transaction Fee","ILV","-0.00029300",""
"55477749","2023-12-18 01:32:54","Spot","Transaction Buy","ILV","0.29300000",""
"55477749","2023-12-18 01:32:54","Spot","Transaction Spend","BTC","-0.00062643",""
"55477749","2023-12-18 01:33:16","Spot","Transaction Fee","ILV","-0.00179300",""
"55477749","2023-12-18 01:33:16","Spot","Transaction Spend","BTC","-0.00383343",""
"55477749","2023-12-18 01:33:16","Spot","Transaction Buy","ILV","1.79300000",""
"55477749","2023-12-18 01:33:17","Spot","Transaction Fee","ILV","-0.00028000",""
"55477749","2023-12-18 01:33:17","Spot","Transaction Buy","ILV","0.28000000",""
"55477749","2023-12-18 01:33:17","Spot","Transaction Spend","BTC","-0.00059864",""
"55477749","2023-12-18 01:38:41","Spot","Withdraw","RNDR","-1006.43256000","Withdraw fee is included"
"55477749","2023-12-18 01:44:41","Spot","Withdraw","ILV","-46.74820500","Withdraw fee is included"
"55477749","2023-12-18 01:51:41","Spot","Withdraw","SAND","-8384.60700000","Withdraw fee is included"
"55477749","2023-12-18 01:57:42","Spot","Withdraw","MATIC","-15490.07220000","Withdraw fee is included"
"55477749","2023-12-27 10:55:21","Spot","Deposit","BTC","1.00000000",""
"55477749","2023-12-27 11:58:43","Spot","Transaction Fee","CHZ","-0.34500000",""
"55477749","2023-12-27 11:58:43","Spot","Transaction Fee","CHZ","-0.08600000",""
"55477749","2023-12-27 11:58:43","Spot","Transaction Buy","CHZ","345.00000000",""
"55477749","2023-12-27 11:58:43","Spot","Transaction Fee","CHZ","-2.81800000",""
"55477749","2023-12-27 11:58:43","Spot","Transaction Buy","CHZ","86.00000000",""
"55477749","2023-12-27 11:58:43","Spot","Transaction Spend","BTC","-0.00018662",""
"55477749","2023-12-27 11:58:43","Spot","Transaction Buy","CHZ","345.00000000",""
"55477749","2023-12-27 11:58:43","Spot","Transaction Buy","CHZ","86.00000000",""
"55477749","2023-12-27 11:58:43","Spot","Transaction Fee","CHZ","-0.23000000",""
"55477749","2023-12-27 11:58:43","Spot","Transaction Spend","BTC","-0.00611506",""
"55477749","2023-12-27 11:58:43","Spot","Transaction Fee","CHZ","-0.08600000",""
"55477749","2023-12-27 11:58:43","Spot","Transaction Fee","CHZ","-0.08600000",""
"55477749","2023-12-27 11:58:43","Spot","Transaction Buy","CHZ","2818.00000000",""
"55477749","2023-12-27 11:58:43","Spot","Transaction Spend","BTC","-0.00018662",""
"55477749","2023-12-27 11:58:43","Spot","Transaction Buy","CHZ","2818.00000000",""
"55477749","2023-12-27 11:58:43","Spot","Transaction Buy","CHZ","230.00000000",""
"55477749","2023-12-27 11:58:43","Spot","Transaction Fee","CHZ","-2.81800000",""
"55477749","2023-12-27 11:58:43","Spot","Transaction Spend","BTC","-0.00074865",""
"55477749","2023-12-27 11:58:43","Spot","Transaction Fee","CHZ","-0.34500000",""
"55477749","2023-12-27 11:58:43","Spot","Transaction Spend","BTC","-0.00049910",""
"55477749","2023-12-27 11:58:43","Spot","Transaction Spend","BTC","-0.00611506",""
"55477749","2023-12-27 11:58:43","Spot","Transaction Buy","CHZ","86.00000000",""
"55477749","2023-12-27 11:58:43","Spot","Transaction Spend","BTC","-0.00611506",""
"55477749","2023-12-27 11:58:43","Spot","Transaction Fee","CHZ","-2.81800000",""
"55477749","2023-12-27 11:58:43","Spot","Transaction Buy","CHZ","1720.00000000",""
"55477749","2023-12-27 11:58:43","Spot","Transaction Fee","CHZ","-1.72000000",""
"55477749","2023-12-27 11:58:43","Spot","Transaction Spend","BTC","-0.00611506",""
"55477749","2023-12-27 11:58:43","Spot","Transaction Spend","BTC","-0.00018662",""
"55477749","2023-12-27 11:58:43","Spot","Transaction Spend","BTC","-0.00373240",""
"55477749","2023-12-27 11:58:43","Spot","Transaction Spend","BTC","-0.00074865",""
"55477749","2023-12-27 11:58:43","Spot","Transaction Buy","CHZ","2818.00000000",""
"55477749","2023-12-27 11:58:43","Spot","Transaction Fee","CHZ","-2.81800000",""
"55477749","2023-12-27 11:58:43","Spot","Transaction Buy","CHZ","2818.00000000",""
"55477749","2023-12-27 11:58:44","Spot","Transaction Fee","CHZ","-2.81800000",""
"55477749","2023-12-27 11:58:44","Spot","Transaction Spend","BTC","-0.00611506",""
"55477749","2023-12-27 11:58:44","Spot","Transaction Buy","CHZ","2818.00000000",""
"55477749","2023-12-27 11:58:44","Spot","Transaction Fee","CHZ","-2.81800000",""
"55477749","2023-12-27 11:58:44","Spot","Transaction Spend","BTC","-0.00611506",""
"55477749","2023-12-27 11:58:44","Spot","Transaction Buy","CHZ","2818.00000000",""
"55477749","2023-12-27 11:58:44","Spot","Transaction Fee","CHZ","-2.81800000",""
"55477749","2023-12-27 11:58:44","Spot","Transaction Buy","CHZ","2818.00000000",""
"55477749","2023-12-27 11:58:44","Spot","Transaction Fee","CHZ","-2.81800000",""
"55477749","2023-12-27 11:58:44","Spot","Transaction Spend","BTC","-0.00611506",""
"55477749","2023-12-27 11:58:44","Spot","Transaction Buy","CHZ","2818.00000000",""
"55477749","2023-12-27 11:58:44","Spot","Transaction Fee","CHZ","-2.81800000",""
"55477749","2023-12-27 11:58:44","Spot","Transaction Spend","BTC","-0.00611506",""
"55477749","2023-12-27 11:58:44","Spot","Transaction Buy","CHZ","2818.00000000",""
"55477749","2023-12-27 11:58:44","Spot","Transaction Fee","CHZ","-2.81800000",""
"55477749","2023-12-27 11:58:44","Spot","Transaction Buy","CHZ","2818.00000000",""
"55477749","2023-12-27 11:58:44","Spot","Transaction Spend","BTC","-0.00611506",""
"55477749","2023-12-27 11:58:44","Spot","Transaction Spend","BTC","-0.00611506",""
"55477749","2023-12-27 11:58:44","Spot","Transaction Spend","BTC","-0.00611506",""
"55477749","2023-12-27 11:58:44","Spot","Transaction Buy","CHZ","2818.00000000",""
"55477749","2023-12-27 11:58:44","Spot","Transaction Buy","CHZ","2818.00000000",""
"55477749","2023-12-27 11:58:44","Spot","Transaction Fee","CHZ","-2.81800000",""
"55477749","2023-12-27 11:58:44","Spot","Transaction Fee","CHZ","-2.81800000",""
"55477749","2023-12-27 11:58:44","Spot","Transaction Spend","BTC","-0.00611506",""
"55477749","2023-12-27 11:58:45","Spot","Transaction Fee","CHZ","-8.19100000",""
"55477749","2023-12-27 11:58:45","Spot","Transaction Fee","CHZ","-8.19100000",""
"55477749","2023-12-27 11:58:45","Spot","Transaction Spend","BTC","-0.01777447",""
"55477749","2023-12-27 11:58:45","Spot","Transaction Spend","BTC","-0.01777447",""
"55477749","2023-12-27 11:58:45","Spot","Transaction Buy","CHZ","8191.00000000",""
"55477749","2023-12-27 11:58:45","Spot","Transaction Buy","CHZ","8191.00000000",""
"55477749","2023-12-27 11:58:46","Spot","Transaction Buy","CHZ","1287.00000000",""
"55477749","2023-12-27 11:58:46","Spot","Transaction Spend","BTC","-0.00279279",""
"55477749","2023-12-27 11:58:46","Spot","Transaction Fee","CHZ","-1.28700000",""
"55477749","2023-12-27 12:01:07","Spot","Transaction Buy","APT","25.00000000",""
"55477749","2023-12-27 12:01:07","Spot","Transaction Spend","BTC","-0.00592100",""
"55477749","2023-12-27 12:01:07","Spot","Transaction Fee","APT","-0.02500000",""
"55477749","2023-12-27 12:01:07","Spot","Transaction Buy","APT","11.00000000",""
"55477749","2023-12-27 12:01:07","Spot","Transaction Spend","BTC","-0.01500144",""
"55477749","2023-12-27 12:01:07","Spot","Transaction Fee","APT","-0.04716000",""
"55477749","2023-12-27 12:01:07","Spot","Transaction Spend","BTC","-0.01116748",""
"55477749","2023-12-27 12:01:07","Spot","Transaction Buy","APT","63.34000000",""
"55477749","2023-12-27 12:01:07","Spot","Transaction Fee","APT","-0.06334000",""
"55477749","2023-12-27 12:01:07","Spot","Transaction Spend","BTC","-0.00592100",""
"55477749","2023-12-27 12:01:07","Spot","Transaction Buy","APT","23.81000000",""
"55477749","2023-12-27 12:01:07","Spot","Transaction Buy","APT","146.27000000",""
"55477749","2023-12-27 12:01:07","Spot","Transaction Fee","APT","-0.01100000",""
"55477749","2023-12-27 12:01:07","Spot","Transaction Buy","APT","25.00000000",""
"55477749","2023-12-27 12:01:07","Spot","Transaction Spend","BTC","-0.02413162",""
"55477749","2023-12-27 12:01:07","Spot","Transaction Fee","APT","-0.02500000",""
"55477749","2023-12-27 12:01:07","Spot","Transaction Spend","BTC","-0.03464258",""
"55477749","2023-12-27 12:01:07","Spot","Transaction Fee","APT","-0.10189000",""
"55477749","2023-12-27 12:01:07","Spot","Transaction Spend","BTC","-0.00563844",""
"55477749","2023-12-27 12:01:07","Spot","Transaction Fee","APT","-0.02381000",""
"55477749","2023-12-27 12:01:07","Spot","Transaction Fee","APT","-0.14627000",""
"55477749","2023-12-27 12:01:07","Spot","Transaction Buy","APT","101.89000000",""
"55477749","2023-12-27 12:01:07","Spot","Transaction Spend","BTC","-0.00260469",""
"55477749","2023-12-27 12:01:07","Spot","Transaction Buy","APT","47.16000000",""
"55477749","2023-12-27 12:05:01","Spot","Transaction Spend","BTC","-0.04595128",""
"55477749","2023-12-27 12:05:01","Spot","Transaction Fee","ARB","-1.38880000",""
"55477749","2023-12-27 12:05:01","Spot","Transaction Spend","BTC","-0.00465910",""
"55477749","2023-12-27 12:05:01","Spot","Transaction Buy","ARB","1388.80000000",""
"55477749","2023-12-27 12:05:01","Spot","Transaction Fee","ARB","-1.42220000",""
"55477749","2023-12-27 12:05:01","Spot","Transaction Buy","ARB","1422.20000000",""
"55477749","2023-12-27 12:05:01","Spot","Transaction Spend","BTC","-0.00646400",""
"55477749","2023-12-27 12:05:01","Spot","Transaction Fee","ARB","-0.14420000",""
"55477749","2023-12-27 12:05:01","Spot","Transaction Fee","ARB","-0.20000000",""
"55477749","2023-12-27 12:05:01","Spot","Transaction Spend","BTC","-0.04488601",""
"55477749","2023-12-27 12:05:01","Spot","Transaction Buy","ARB","200.00000000",""
"55477749","2023-12-27 12:05:01","Spot","Transaction Buy","ARB","144.20000000",""
"55477749","2023-12-27 12:07:21","Spot","Transaction Buy","OP","2.13000000",""
"55477749","2023-12-27 12:07:21","Spot","Transaction Buy","OP","589.78000000",""
"55477749","2023-12-27 12:07:21","Spot","Transaction Spend","BTC","-0.04974204",""
"55477749","2023-12-27 12:07:21","Spot","Transaction Spend","BTC","-0.06135819",""
"55477749","2023-12-27 12:07:21","Spot","Transaction Buy","OP","101.49000000",""
"55477749","2023-12-27 12:07:21","Spot","Transaction Fee","OP","-0.72751000",""
"55477749","2023-12-27 12:07:21","Spot","Transaction Fee","OP","-0.00213000",""
"55477749","2023-12-27 12:07:21","Spot","Transaction Spend","BTC","-0.00855966",""
"55477749","2023-12-27 12:07:21","Spot","Transaction Buy","OP","727.51000000",""
"55477749","2023-12-27 12:07:21","Spot","Transaction Spend","BTC","-0.00017964",""
"55477749","2023-12-27 12:07:21","Spot","Transaction Fee","OP","-0.58978000",""
"55477749","2023-12-27 12:07:21","Spot","Transaction Fee","OP","-0.10149000",""
"55477749","2023-12-27 12:18:38","Spot","Transaction Fee","REN","-6.40400000",""
"55477749","2023-12-27 12:18:38","Spot","Transaction Buy","REN","2813.00000000",""
"55477749","2023-12-27 12:18:38","Spot","Transaction Fee","REN","-1.79500000",""
"55477749","2023-12-27 12:18:38","Spot","Transaction Spend","BTC","-0.01159124",""
"55477749","2023-12-27 12:18:38","Spot","Transaction Buy","REN","6404.00000000",""
"55477749","2023-12-27 12:18:38","Spot","Transaction Buy","REN","1795.00000000",""
"55477749","2023-12-27 12:18:38","Spot","Transaction Buy","REN","2000.00000000",""
"55477749","2023-12-27 12:18:38","Spot","Transaction Fee","REN","-2.81300000",""
"55477749","2023-12-27 12:18:38","Spot","Transaction Spend","BTC","-0.00362000",""
"55477749","2023-12-27 12:18:38","Spot","Transaction Spend","BTC","-0.07607973",""
"55477749","2023-12-27 12:18:38","Spot","Transaction Spend","BTC","-0.00029684",""
"55477749","2023-12-27 12:18:38","Spot","Transaction Fee","REN","-0.16400000",""
"55477749","2023-12-27 12:18:38","Spot","Transaction Spend","BTC","-0.00324895",""
"55477749","2023-12-27 12:18:38","Spot","Transaction Fee","REN","-2.00000000",""
"55477749","2023-12-27 12:18:38","Spot","Transaction Spend","BTC","-0.00509153",""
"55477749","2023-12-27 12:18:38","Spot","Transaction Fee","REN","-42.03300000",""
"55477749","2023-12-27 12:18:38","Spot","Transaction Buy","REN","42033.00000000",""
"55477749","2023-12-27 12:18:38","Spot","Transaction Buy","REN","164.00000000",""
"55477749","2023-12-27 13:07:59","Spot","Transaction Fee","MANA","-1.69300000",""
"55477749","2023-12-27 13:07:59","Spot","Transaction Buy","MANA","1693.00000000",""
"55477749","2023-12-27 13:07:59","Spot","Transaction Spend","BTC","-0.00216048",""
"55477749","2023-12-27 13:07:59","Spot","Transaction Fee","MANA","-0.16800000",""
"55477749","2023-12-27 13:07:59","Spot","Transaction Buy","MANA","1693.00000000",""
"55477749","2023-12-27 13:07:59","Spot","Transaction Fee","MANA","-0.16800000",""
"55477749","2023-12-27 13:07:59","Spot","Transaction Buy","MANA","168.00000000",""
"55477749","2023-12-27 13:07:59","Spot","Transaction Spend","BTC","-0.00216048",""
"55477749","2023-12-27 13:07:59","Spot","Transaction Spend","BTC","-0.00216048",""
"55477749","2023-12-27 13:07:59","Spot","Transaction Buy","MANA","168.00000000",""
"55477749","2023-12-27 13:07:59","Spot","Transaction Fee","MANA","-0.16800000",""
"55477749","2023-12-27 13:07:59","Spot","Transaction Spend","BTC","-0.00216048",""
"55477749","2023-12-27 13:07:59","Spot","Transaction Fee","MANA","-0.16800000",""
"55477749","2023-12-27 13:07:59","Spot","Transaction Spend","BTC","-0.02177198",""
"55477749","2023-12-27 13:07:59","Spot","Transaction Fee","MANA","-1.69300000",""
"55477749","2023-12-27 13:07:59","Spot","Transaction Buy","MANA","168.00000000",""
"55477749","2023-12-27 13:07:59","Spot","Transaction Spend","BTC","-0.02177198",""
"55477749","2023-12-27 13:07:59","Spot","Transaction Buy","MANA","168.00000000",""
"55477749","2023-12-27 13:08:00","Spot","Transaction Spend","BTC","-0.00877052",""
"55477749","2023-12-27 13:08:00","Spot","Transaction Spend","BTC","-0.00681580",""
"55477749","2023-12-27 13:08:00","Spot","Transaction Buy","MANA","366.00000000",""
"55477749","2023-12-27 13:08:00","Spot","Transaction Fee","MANA","-0.53000000",""
"55477749","2023-12-27 13:08:00","Spot","Transaction Fee","MANA","-0.28200000",""
"55477749","2023-12-27 13:08:00","Spot","Transaction Fee","MANA","-0.11200000",""
"55477749","2023-12-27 13:08:00","Spot","Transaction Buy","MANA","530.00000000",""
"55477749","2023-12-27 13:08:00","Spot","Transaction Buy","MANA","112.00000000",""
"55477749","2023-12-27 13:08:00","Spot","Transaction Spend","BTC","-0.00470676",""
"55477749","2023-12-27 13:08:00","Spot","Transaction Buy","MANA","97.00000000",""
"55477749","2023-12-27 13:08:00","Spot","Transaction Spend","BTC","-0.00124742",""
"55477749","2023-12-27 13:08:00","Spot","Transaction Buy","MANA","282.00000000",""
"55477749","2023-12-27 13:08:00","Spot","Transaction Buy","MANA","682.00000000",""
"55477749","2023-12-27 13:08:00","Spot","Transaction Fee","MANA","-0.09700000",""
"55477749","2023-12-27 13:08:00","Spot","Transaction Spend","BTC","-0.00144032",""
"55477749","2023-12-27 13:08:00","Spot","Transaction Spend","BTC","-0.02177198",""
"55477749","2023-12-27 13:08:00","Spot","Transaction Fee","MANA","-1.69300000",""
"55477749","2023-12-27 13:08:00","Spot","Transaction Buy","MANA","1693.00000000",""
"55477749","2023-12-27 13:08:00","Spot","Transaction Spend","BTC","-0.00362652",""
"55477749","2023-12-27 13:08:00","Spot","Transaction Fee","MANA","-0.36600000",""
"55477749","2023-12-27 13:08:00","Spot","Transaction Fee","MANA","-0.68200000",""
"55477749","2023-12-27 15:28:32","Spot","Transaction Revenue","USDT","4291.47800000",""
"55477749","2023-12-27 15:28:32","Spot","Transaction Fee","USDT","-4.29147800",""
"55477749","2023-12-27 15:28:32","Spot","Transaction Sold","BTC","-0.10000000",""
"55477749","2023-12-27 15:30:02","Spot","Transaction Fee","RAY","-0.24630000",""
"55477749","2023-12-27 15:30:02","Spot","Transaction Spend","USDT","-30.56140000",""
"55477749","2023-12-27 15:30:02","Spot","Transaction Spend","USDT","-8.94900000",""
"55477749","2023-12-27 15:30:02","Spot","Transaction Spend","USDT","-34.89408000",""
"55477749","2023-12-27 15:30:02","Spot","Transaction Fee","RAY","-0.00540000",""
"55477749","2023-12-27 15:30:02","Spot","Transaction Buy","RAY","136.10000000",""
"55477749","2023-12-27 15:30:02","Spot","Transaction Spend","USDT","-8.50554000",""
"55477749","2023-12-27 15:30:02","Spot","Transaction Buy","RAY","136.10000000",""
"55477749","2023-12-27 15:30:02","Spot","Transaction Spend","USDT","-203.17008000",""
"55477749","2023-12-27 15:30:02","Spot","Transaction Buy","RAY","5.60000000",""
"55477749","2023-12-27 15:30:02","Spot","Transaction Fee","RAY","-1.25000000",""
"55477749","2023-12-27 15:30:02","Spot","Transaction Fee","RAY","-0.04210000",""
"55477749","2023-12-27 15:30:02","Spot","Transaction Spend","USDT","-203.17008000",""
"55477749","2023-12-27 15:30:02","Spot","Transaction Fee","RAY","-0.31710000",""
"55477749","2023-12-27 15:30:02","Spot","Transaction Fee","RAY","-0.00600000",""
"55477749","2023-12-27 15:30:02","Spot","Transaction Buy","RAY","42.30000000",""
"55477749","2023-12-27 15:30:02","Spot","Transaction Buy","RAY","5.20000000",""
"55477749","2023-12-27 15:30:02","Spot","Transaction Spend","USDT","-7.75684000",""
"55477749","2023-12-27 15:30:02","Spot","Transaction Spend","USDT","-119.28800000",""
"55477749","2023-12-27 15:30:02","Spot","Transaction Buy","RAY","5.70000000",""
"55477749","2023-12-27 15:30:02","Spot","Transaction Spend","USDT","-8.94480000",""
"55477749","2023-12-27 15:30:02","Spot","Transaction Spend","USDT","-63.12429000",""
"55477749","2023-12-27 15:30:02","Spot","Transaction Buy","RAY","80.00000000",""
"55477749","2023-12-27 15:30:02","Spot","Transaction Buy","RAY","5.30000000",""
"55477749","2023-12-27 15:30:02","Spot","Transaction Fee","RAY","-0.00600000",""
"55477749","2023-12-27 15:30:02","Spot","Transaction Spend","USDT","-8.35576000",""
"55477749","2023-12-27 15:30:02","Spot","Transaction Spend","USDT","-2.23650000",""
"55477749","2023-12-27 15:30:02","Spot","Transaction Buy","RAY","5.80000000",""
"55477749","2023-12-27 15:30:02","Spot","Transaction Spend","USDT","-8.94960000",""
"55477749","2023-12-27 15:30:02","Spot","Transaction Spend","USDT","-367.70127000",""
"55477749","2023-12-27 15:30:02","Spot","Transaction Buy","RAY","23.40000000",""
"55477749","2023-12-27 15:30:02","Spot","Transaction Fee","RAY","-0.00520000",""
"55477749","2023-12-27 15:30:02","Spot","Transaction Buy","RAY","5.10000000",""
"55477749","2023-12-27 15:30:02","Spot","Transaction Fee","RAY","-0.00510000",""
"55477749","2023-12-27 15:30:02","Spot","Transaction Buy","RAY","1250.00000000",""
"55477749","2023-12-27 15:30:02","Spot","Transaction Fee","RAY","-0.00550000",""
"55477749","2023-12-27 15:30:02","Spot","Transaction Spend","USDT","-7.75476000",""
"55477749","2023-12-27 15:30:02","Spot","Transaction Buy","RAY","5.30000000",""
"55477749","2023-12-27 15:30:02","Spot","Transaction Spend","USDT","-678.34688000",""
"55477749","2023-12-27 15:30:02","Spot","Transaction Fee","RAY","-0.00590000",""
"55477749","2023-12-27 15:30:02","Spot","Transaction Fee","RAY","-0.13610000",""
"55477749","2023-12-27 15:30:02","Spot","Transaction Buy","RAY","5.40000000",""
"55477749","2023-12-27 15:30:02","Spot","Transaction Spend","USDT","-8.20600000",""
"55477749","2023-12-27 15:30:02","Spot","Transaction Fee","RAY","-0.08000000",""
"55477749","2023-12-27 15:30:02","Spot","Transaction Spend","USDT","-7.90654000",""
"55477749","2023-12-27 15:30:02","Spot","Transaction Fee","RAY","-0.00530000",""
"55477749","2023-12-27 15:30:02","Spot","Transaction Buy","RAY","5.40000000",""
"55477749","2023-12-27 15:30:02","Spot","Transaction Fee","RAY","-0.00760000",""
"55477749","2023-12-27 15:30:02","Spot","Transaction Fee","RAY","-0.00550000",""
"55477749","2023-12-27 15:30:02","Spot","Transaction Fee","RAY","-0.00600000",""
"55477749","2023-12-27 15:30:02","Spot","Transaction Spend","USDT","-8.05626000",""
"55477749","2023-12-27 15:30:02","Spot","Transaction Buy","RAY","1.50000000",""
"55477749","2023-12-27 15:30:02","Spot","Transaction Buy","RAY","317.10000000",""
"55477749","2023-12-27 15:30:02","Spot","Transaction Buy","RAY","246.30000000",""
"55477749","2023-12-27 15:30:02","Spot","Transaction Spend","USDT","-7.60257000",""
"55477749","2023-12-27 15:30:02","Spot","Transaction Buy","RAY","5.20000000",""
"55477749","2023-12-27 15:30:02","Spot","Transaction Spend","USDT","-8.65534000",""
"55477749","2023-12-27 15:30:02","Spot","Transaction Fee","RAY","-0.00510000",""
"55477749","2023-12-27 15:30:02","Spot","Transaction Spend","USDT","-8.79926000",""
"55477749","2023-12-27 15:30:02","Spot","Transaction Spend","USDT","-7.90336000",""
"55477749","2023-12-27 15:30:02","Spot","Transaction Fee","RAY","-0.00570000",""
"55477749","2023-12-27 15:30:02","Spot","Transaction Fee","RAY","-0.00520000",""
"55477749","2023-12-27 15:30:02","Spot","Transaction Buy","RAY","5.10000000",""
"55477749","2023-12-27 15:30:02","Spot","Transaction Buy","RAY","6.00000000",""
"55477749","2023-12-27 15:30:02","Spot","Transaction Fee","RAY","-0.00560000",""
"55477749","2023-12-27 15:30:02","Spot","Transaction Fee","RAY","-0.13610000",""
"55477749","2023-12-27 15:30:02","Spot","Transaction Fee","RAY","-0.00580000",""
"55477749","2023-12-27 15:30:02","Spot","Transaction Buy","RAY","20.50000000",""
"55477749","2023-12-27 15:30:02","Spot","Transaction Fee","RAY","-0.04230000",""
"55477749","2023-12-27 15:30:02","Spot","Transaction Fee","RAY","-0.00540000",""
"55477749","2023-12-27 15:30:02","Spot","Transaction Spend","USDT","-7.60716000",""
"55477749","2023-12-27 15:30:02","Spot","Transaction Spend","USDT","-8.19995000",""
"55477749","2023-12-27 15:30:02","Spot","Transaction Spend","USDT","-1863.75000000",""
"55477749","2023-12-27 15:30:02","Spot","Transaction Buy","RAY","6.00000000",""
"55477749","2023-12-27 15:30:02","Spot","Transaction Spend","USDT","-8.65534000",""
"55477749","2023-12-27 15:30:02","Spot","Transaction Buy","RAY","6.00000000",""
"55477749","2023-12-27 15:30:02","Spot","Transaction Fee","RAY","-0.02050000",""
"55477749","2023-12-27 15:30:02","Spot","Transaction Buy","RAY","7.60000000",""
"55477749","2023-12-27 15:30:02","Spot","Transaction Buy","RAY","5.80000000",""
"55477749","2023-12-27 15:30:02","Spot","Transaction Buy","RAY","5.50000000",""
"55477749","2023-12-27 15:30:02","Spot","Transaction Spend","USDT","-8.05194000",""
"55477749","2023-12-27 15:30:02","Spot","Transaction Spend","USDT","-11.33084000",""
"55477749","2023-12-27 15:30:02","Spot","Transaction Fee","RAY","-0.00530000",""
"55477749","2023-12-27 15:30:02","Spot","Transaction Spend","USDT","-472.76439000",""
"55477749","2023-12-27 15:30:02","Spot","Transaction Spend","USDT","-62.77110000",""
"55477749","2023-12-27 15:30:02","Spot","Transaction Fee","RAY","-0.00150000",""
"55477749","2023-12-27 15:30:02","Spot","Transaction Buy","RAY","5.90000000",""
"55477749","2023-12-27 15:30:02","Spot","Transaction Buy","RAY","454.90000000",""
"55477749","2023-12-27 15:30:02","Spot","Transaction Fee","RAY","-0.00580000",""
"55477749","2023-12-27 15:30:02","Spot","Transaction Fee","RAY","-0.02340000",""
"55477749","2023-12-27 15:30:02","Spot","Transaction Fee","RAY","-0.45490000",""
"55477749","2023-12-27 15:30:02","Spot","Transaction Buy","RAY","42.10000000",""
"55477749","2023-12-27 15:30:02","Spot","Transaction Buy","RAY","5.50000000",""
"55477749","2023-12-27 15:44:26","Spot","Transaction Fee","EGLD","-0.00019000",""
"55477749","2023-12-27 15:44:26","Spot","Transaction Spend","BTC","-0.00198600",""
"55477749","2023-12-27 15:44:26","Spot","Transaction Spend","BTC","-0.00830810",""
"55477749","2023-12-27 15:44:26","Spot","Transaction Buy","EGLD","3.99000000",""
"55477749","2023-12-27 15:44:26","Spot","Transaction Fee","EGLD","-0.00502000",""
"55477749","2023-12-27 15:44:26","Spot","Transaction Fee","EGLD","-0.00630000",""
"55477749","2023-12-27 15:44:26","Spot","Transaction Fee","EGLD","-0.00502000",""
"55477749","2023-12-27 15:44:26","Spot","Transaction Spend","BTC","-0.00831814",""
"55477749","2023-12-27 15:44:26","Spot","Transaction Buy","EGLD","2.52000000",""
"55477749","2023-12-27 15:44:26","Spot","Transaction Fee","EGLD","-0.02356000",""
"55477749","2023-12-27 15:44:26","Spot","Transaction Buy","EGLD","6.30000000",""
"55477749","2023-12-27 15:44:26","Spot","Transaction Spend","BTC","-0.00660345",""
"55477749","2023-12-27 15:44:26","Spot","Transaction Fee","EGLD","-0.00502000",""
"55477749","2023-12-27 15:44:26","Spot","Transaction Spend","BTC","-0.00031445",""
"55477749","2023-12-27 15:44:26","Spot","Transaction Spend","BTC","-0.01043280",""
"55477749","2023-12-27 15:44:26","Spot","Transaction Fee","EGLD","-0.00066000",""
"55477749","2023-12-27 15:44:26","Spot","Transaction Fee","EGLD","-0.00252000",""
"55477749","2023-12-27 15:44:26","Spot","Transaction Spend","BTC","-0.01291680",""
"55477749","2023-12-27 15:44:26","Spot","Transaction Buy","EGLD","5.02000000",""
"55477749","2023-12-27 15:44:26","Spot","Transaction Spend","BTC","-0.00831312",""
"55477749","2023-12-27 15:44:26","Spot","Transaction Spend","BTC","-0.03903892",""
"55477749","2023-12-27 15:44:26","Spot","Transaction Buy","EGLD","5.02000000",""
"55477749","2023-12-27 15:44:26","Spot","Transaction Spend","BTC","-0.00417060",""
"55477749","2023-12-27 15:44:26","Spot","Transaction Buy","EGLD","23.56000000",""
"55477749","2023-12-27 15:44:26","Spot","Transaction Fee","EGLD","-0.00399000",""
"55477749","2023-12-27 15:44:26","Spot","Transaction Spend","BTC","-0.00109296",""
"55477749","2023-12-27 15:44:26","Spot","Transaction Buy","EGLD","0.66000000",""
"55477749","2023-12-27 15:44:26","Spot","Transaction Fee","EGLD","-0.00120000",""
"55477749","2023-12-27 15:44:26","Spot","Transaction Buy","EGLD","0.19000000",""
"55477749","2023-12-27 15:44:26","Spot","Transaction Buy","EGLD","7.80000000",""
"55477749","2023-12-27 15:44:26","Spot","Transaction Buy","EGLD","5.02000000",""
"55477749","2023-12-27 15:44:26","Spot","Transaction Fee","EGLD","-0.00780000",""
"55477749","2023-12-27 15:44:26","Spot","Transaction Buy","EGLD","1.20000000",""
"55477749","2023-12-27 23:59:06","Spot","Transaction Buy","INJ","25.80000000",""
"55477749","2023-12-27 23:59:06","Spot","Transaction Buy","INJ","5.00000000",""
"55477749","2023-12-27 23:59:06","Spot","Transaction Fee","INJ","-0.01880000",""
"55477749","2023-12-27 23:59:06","Spot","Transaction Buy","INJ","20.40000000",""
"55477749","2023-12-27 23:59:06","Spot","Transaction Spend","BTC","-0.01845792",""
"55477749","2023-12-27 23:59:06","Spot","Transaction Buy","INJ","11.00000000",""
"55477749","2023-12-27 23:59:06","Spot","Transaction Buy","INJ","25.70000000",""
"55477749","2023-12-27 23:59:06","Spot","Transaction Buy","INJ","7.40000000",""
"55477749","2023-12-27 23:59:06","Spot","Transaction Spend","BTC","-0.02326621",""
"55477749","2023-12-27 23:59:06","Spot","Transaction Spend","BTC","-0.00687800",""
"55477749","2023-12-27 23:59:06","Spot","Transaction Fee","INJ","-0.00740000",""
"55477749","2023-12-27 23:59:06","Spot","Transaction Fee","INJ","-0.02570000",""
"55477749","2023-12-27 23:59:06","Spot","Transaction Fee","INJ","-0.01100000",""
"55477749","2023-12-27 23:59:06","Spot","Transaction Spend","BTC","-0.00732807",""
"55477749","2023-12-27 23:59:06","Spot","Transaction Spend","BTC","-0.00994840",""
"55477749","2023-12-27 23:59:06","Spot","Transaction Buy","INJ","7.60000000",""
"55477749","2023-12-27 23:59:06","Spot","Transaction Fee","INJ","-0.00760000",""
"55477749","2023-12-27 23:59:06","Spot","Transaction Spend","BTC","-0.00669478",""
"55477749","2023-12-27 23:59:06","Spot","Transaction Fee","INJ","-0.00500000",""
"55477749","2023-12-27 23:59:06","Spot","Transaction Fee","INJ","-0.02580000",""
"55477749","2023-12-27 23:59:06","Spot","Transaction Spend","BTC","-0.02333610",""
"55477749","2023-12-27 23:59:06","Spot","Transaction Buy","INJ","5.00000000",""
"55477749","2023-12-27 23:59:06","Spot","Transaction Spend","BTC","-0.00452350",""
"55477749","2023-12-27 23:59:06","Spot","Transaction Spend","BTC","-0.01700648",""
"55477749","2023-12-27 23:59:06","Spot","Transaction Spend","BTC","-0.00452200",""
"55477749","2023-12-27 23:59:06","Spot","Transaction Fee","INJ","-0.02040000",""
"55477749","2023-12-27 23:59:06","Spot","Transaction Fee","INJ","-0.00500000",""
"55477749","2023-12-27 23:59:06","Spot","Transaction Fee","INJ","-0.00810000",""
"55477749","2023-12-27 23:59:06","Spot","Transaction Buy","INJ","18.80000000",""
"55477749","2023-12-27 23:59:06","Spot","Transaction Buy","INJ","8.10000000",""
"55477749","2023-12-28 18:14:04","Spot","Transaction Sold","BTC","-0.10405000",""
"55477749","2023-12-28 18:14:04","Spot","Transaction Revenue","USDT","4424.31941450",""
"55477749","2023-12-28 18:14:04","Spot","Transaction Fee","USDT","-4.42431941",""
"55477749","2023-12-28 18:15:18","Spot","Transaction Spend","USDT","-4458.91281120",""
"55477749","2023-12-28 18:15:18","Spot","Transaction Buy","SHIB","420652152.00000000",""
"55477749","2023-12-28 18:15:18","Spot","Transaction Fee","SHIB","-420652.15000000",""
